task_id,task_category,agent_type,expert_trajectory_steps
00001,direct_command,Single,6
00001,explicit_collaboration,Multi,4
00002,attribute_reasoning,Single,6
00002,implicit_collaboration,Multi,6
00003,tool_use,Single,6
00003,compound_collaboration,Multi,6
00004,compound_reasoning,Single,6
00004,explicit_collaboration,Multi,4
00005,direct_command,Single,6
00005,implicit_collaboration,Multi,6
00006,attribute_reasoning,Single,4
00006,compound_collaboration,Multi,6
00007,tool_use,Single,6
00007,implicit_collaboration,Multi,6
00008,compound_reasoning,Single,4
00008,compound_collaboration,Multi,6
00009,direct_command,Single,6
00009,explicit_collaboration,Multi,4
00010,attribute_reasoning,Single,6
00010,implicit_collaboration,Multi,6
00011,tool_use,Single,6
00011,compound_collaboration,Multi,6
00012,compound_reasoning,Single,6
00012,explicit_collaboration,Multi,4
00013,direct_command,Single,6
00013,implicit_collaboration,Multi,6
00014,attribute_reasoning,Single,6
00014,compound_collaboration,Multi,6
00015,tool_use,Single,6
00015,explicit_collaboration,Multi,4
00016,compound_reasoning,Single,6
00016,implicit_collaboration,Multi,6
00017,direct_command,Single,6
00017,compound_collaboration,Multi,6
00018,attribute_reasoning,Single,6
00018,explicit_collaboration,Multi,4
00019,tool_use,Single,4
00019,implicit_collaboration,Multi,6
00020,compound_reasoning,Single,6
00020,explicit_collaboration,Multi,4
00021,direct_command,Single,4
00021,implicit_collaboration,Multi,6
00022,attribute_reasoning,Single,4
00022,compound_collaboration,Multi,6
00023,tool_use,Single,6
00023,explicit_collaboration,Multi,4
00024,compound_reasoning,Single,4
00024,implicit_collaboration,Multi,6
00025,direct_command,Single,6
00025,compound_collaboration,Multi,6
00026,attribute_reasoning,Single,4
00026,explicit_collaboration,Multi,4
00027,tool_use,Single,4
00027,implicit_collaboration,Multi,6
00028,compound_reasoning,Single,6
00028,compound_collaboration,Multi,6
00029,direct_command,Single,6
00029,explicit_collaboration,Multi,4
00030,attribute_reasoning,Single,6
00030,implicit_collaboration,Multi,6
00031,tool_use,Single,6
00031,compound_collaboration,Multi,6
00032,compound_reasoning,Single,6
00032,explicit_collaboration,Multi,6
00033,direct_command,Single,6
00033,implicit_collaboration,Multi,6
00034,attribute_reasoning,Single,6
00034,compound_collaboration,Multi,6
00035,tool_use,Single,6
00035,explicit_collaboration,Multi,4
00036,compound_reasoning,Single,6
00036,implicit_collaboration,Multi,6
00037,direct_command,Single,6
00037,compound_collaboration,Multi,6
00038,attribute_reasoning,Single,6
00038,explicit_collaboration,Multi,4
00039,tool_use,Single,6
00039,implicit_collaboration,Multi,6
00040,compound_reasoning,Single,6
00040,compound_collaboration,Multi,6
00041,direct_command,Single,6
00041,explicit_collaboration,Multi,4
00042,attribute_reasoning,Single,4
00042,implicit_collaboration,Multi,6
00043,tool_use,Single,6
00043,explicit_collaboration,Multi,4
00044,compound_reasoning,Single,6
00044,implicit_collaboration,Multi,6
00045,attribute_reasoning,Single,6
00045,compound_collaboration,Multi,6
00046,tool_use,Single,6
00046,explicit_collaboration,Multi,4
00047,compound_reasoning,Single,6
00047,implicit_collaboration,Multi,6
00048,direct_command,Single,6
00048,compound_collaboration,Multi,6
00049,attribute_reasoning,Single,6
00049,explicit_collaboration,Multi,4
00050,tool_use,Single,6
00050,implicit_collaboration,Multi,6
00051,compound_reasoning,Single,6
00051,compound_collaboration,Multi,6
00052,direct_command,Single,6
00052,explicit_collaboration,Multi,4
00053,attribute_reasoning,Single,6
00053,implicit_collaboration,Multi,6
00054,direct_command,Single,6
00054,compound_collaboration,Multi,6
00055,attribute_reasoning,Single,6
00055,explicit_collaboration,Multi,4
00056,tool_use,Single,6
00056,implicit_collaboration,Multi,6
00057,compound_reasoning,Single,6
00057,explicit_collaboration,Multi,4
00058,direct_command,Single,6
00058,implicit_collaboration,Multi,6
00059,attribute_reasoning,Single,6
00059,compound_collaboration,Multi,6
00060,tool_use,Single,6
00060,explicit_collaboration,Multi,4
00061,compound_reasoning,Single,6
00061,implicit_collaboration,Multi,6
00062,direct_command,Single,6
00062,compound_collaboration,Multi,6
00063,attribute_reasoning,Single,6
00063,explicit_collaboration,Multi,4
00064,tool_use,Single,6
00064,implicit_collaboration,Multi,6
00065,compound_reasoning,Single,4
00065,compound_collaboration,Multi,6
00066,direct_command,Single,6
00066,explicit_collaboration,Multi,4
00067,attribute_reasoning,Single,6
00067,implicit_collaboration,Multi,6
00068,tool_use,Single,6
00068,compound_collaboration,Multi,6
00069,compound_reasoning,Single,6
00069,implicit_collaboration,Multi,6
00070,direct_command,Single,6
00070,compound_collaboration,Multi,6
00071,attribute_reasoning,Single,6
00071,explicit_collaboration,Multi,4
00072,tool_use,Single,6
00072,implicit_collaboration,Multi,6
00073,compound_reasoning,Single,6
00073,compound_collaboration,Multi,6
00074,direct_command,Single,6
00074,explicit_collaboration,Multi,4
00075,attribute_reasoning,Single,6
00075,implicit_collaboration,Multi,6
00076,compound_reasoning,Single,4
00076,compound_collaboration,Multi,6
00077,direct_command,Single,6
00077,explicit_collaboration,Multi,4
00078,attribute_reasoning,Single,4
00078,implicit_collaboration,Multi,6
00079,tool_use,Single,6
00079,compound_collaboration,Multi,6
00080,compound_reasoning,Single,6
00080,explicit_collaboration,Multi,4
00081,direct_command,Single,6
00081,implicit_collaboration,Multi,6
00082,attribute_reasoning,Single,6
00082,compound_collaboration,Multi,6
00083,tool_use,Single,6
00083,explicit_collaboration,Multi,4
00084,compound_reasoning,Single,6
00084,implicit_collaboration,Multi,6
00085,direct_command,Single,6
00085,compound_collaboration,Multi,6
00086,attribute_reasoning,Single,6
00086,explicit_collaboration,Multi,4
00087,tool_use,Single,4
00087,implicit_collaboration,Multi,6
00088,compound_reasoning,Single,6
00088,compound_collaboration,Multi,6
00089,direct_command,Single,6
00089,explicit_collaboration,Multi,4
00090,attribute_reasoning,Single,6
00090,implicit_collaboration,Multi,6
00091,tool_use,Single,6
00091,compound_collaboration,Multi,6
00092,compound_reasoning,Single,6
00092,explicit_collaboration,Multi,4
00093,direct_command,Single,6
00093,implicit_collaboration,Multi,6
00094,attribute_reasoning,Single,6
00094,compound_collaboration,Multi,6
00095,compound_reasoning,Single,4
00095,explicit_collaboration,Multi,4
00096,direct_command,Single,6
00096,implicit_collaboration,Multi,6
00097,attribute_reasoning,Single,6
00097,explicit_collaboration,Multi,4
00098,tool_use,Single,6
00098,implicit_collaboration,Multi,6
00099,compound_reasoning,Single,6
00099,compound_collaboration,Multi,6
00100,direct_command,Single,6
00100,explicit_collaboration,Multi,4
00101,attribute_reasoning,Single,6
00101,implicit_collaboration,Multi,6
00102,tool_use,Single,6
00102,compound_collaboration,Multi,6
00103,compound_reasoning,Single,6
00103,explicit_collaboration,Multi,4
00104,direct_command,Single,6
00104,implicit_collaboration,Multi,6
00105,attribute_reasoning,Single,6
00105,compound_collaboration,Multi,6
00106,tool_use,Single,6
00106,explicit_collaboration,Multi,4
00107,compound_reasoning,Single,6
00107,implicit_collaboration,Multi,6
00108,direct_command,Single,6
00108,compound_collaboration,Multi,6
00109,attribute_reasoning,Single,6
00109,explicit_collaboration,Multi,4
00110,tool_use,Single,6
00110,implicit_collaboration,Multi,6
00111,compound_reasoning,Single,6
00111,compound_collaboration,Multi,6
00112,direct_command,Single,6
00112,explicit_collaboration,Multi,6
00113,attribute_reasoning,Single,6
00113,implicit_collaboration,Multi,6
00114,compound_reasoning,Single,6
00114,compound_collaboration,Multi,6
00115,direct_command,Single,6
00115,implicit_collaboration,Multi,6
00116,attribute_reasoning,Single,6
00116,compound_collaboration,Multi,6
00117,tool_use,Single,6
00117,explicit_collaboration,Multi,4
00118,compound_reasoning,Single,6
00118,implicit_collaboration,Multi,6
00119,direct_command,Single,6
00119,compound_collaboration,Multi,6
00120,attribute_reasoning,Single,6
00120,explicit_collaboration,Multi,6
00121,tool_use,Single,6
00121,implicit_collaboration,Multi,6
00122,compound_reasoning,Single,6
00122,compound_collaboration,Multi,6
00123,direct_command,Single,4
00123,explicit_collaboration,Multi,4
00124,attribute_reasoning,Single,6
00124,implicit_collaboration,Multi,6
00125,tool_use,Single,6
00125,compound_collaboration,Multi,6
00126,compound_reasoning,Single,4
00126,explicit_collaboration,Multi,4
00127,direct_command,Single,6
00127,implicit_collaboration,Multi,6
00128,attribute_reasoning,Single,6
00128,explicit_collaboration,Multi,4
00129,compound_reasoning,Single,6
00129,implicit_collaboration,Multi,6
00130,tool_use,Single,6
00130,compound_collaboration,Multi,6
00131,direct_command,Single,6
00131,explicit_collaboration,Multi,4
00132,attribute_reasoning,Single,6
00132,implicit_collaboration,Multi,6
00133,tool_use,Single,6
00133,compound_collaboration,Multi,6
00134,compound_reasoning,Single,6
00134,explicit_collaboration,Multi,4
00135,attribute_reasoning,Single,6
00135,implicit_collaboration,Multi,6
00136,tool_use,Single,4
00136,compound_collaboration,Multi,6
00137,compound_reasoning,Single,4
00137,explicit_collaboration,Multi,4
00138,direct_command,Single,6
00138,implicit_collaboration,Multi,6
00139,attribute_reasoning,Single,6
00139,compound_collaboration,Multi,6
00140,tool_use,Single,6
00140,explicit_collaboration,Multi,4
00141,compound_reasoning,Single,4
00141,implicit_collaboration,Multi,6
00142,direct_command,Single,4
00142,compound_collaboration,Multi,6
00143,attribute_reasoning,Single,6
00143,explicit_collaboration,Multi,4
00144,tool_use,Single,6
00144,implicit_collaboration,Multi,6
00145,compound_reasoning,Single,6
00145,compound_collaboration,Multi,6
00146,direct_command,Single,6
00146,explicit_collaboration,Multi,4
00147,attribute_reasoning,Single,6
00147,implicit_collaboration,Multi,6
00148,tool_use,Single,6
00148,compound_collaboration,Multi,6
00149,compound_reasoning,Single,4
00149,explicit_collaboration,Multi,4
00150,direct_command,Single,6
00150,implicit_collaboration,Multi,6
00151,attribute_reasoning,Single,6
00151,compound_collaboration,Multi,6
00152,tool_use,Single,6
00152,explicit_collaboration,Multi,4
00153,compound_reasoning,Single,6
00153,implicit_collaboration,Multi,6
00154,direct_command,Single,6
00154,compound_collaboration,Multi,6
00155,attribute_reasoning,Single,6
00155,explicit_collaboration,Multi,4
00156,tool_use,Single,4
00156,implicit_collaboration,Multi,6
00157,compound_reasoning,Single,6
00157,compound_collaboration,Multi,6
00158,direct_command,Single,6
00158,explicit_collaboration,Multi,4
00159,attribute_reasoning,Single,6
00159,implicit_collaboration,Multi,6
00160,tool_use,Single,4
00160,compound_collaboration,Multi,6
00161,compound_reasoning,Single,6
00161,explicit_collaboration,Multi,4
00162,direct_command,Single,6
00162,implicit_collaboration,Multi,6
00163,attribute_reasoning,Single,6
00163,compound_collaboration,Multi,6
00164,compound_reasoning,Single,6
00164,explicit_collaboration,Multi,4
00165,tool_use,Single,6
00165,implicit_collaboration,Multi,6
00166,direct_command,Single,6
00166,compound_collaboration,Multi,6
00167,attribute_reasoning,Single,6
00167,explicit_collaboration,Multi,4
00168,tool_use,Single,6
00168,implicit_collaboration,Multi,6
00169,compound_reasoning,Single,6
00169,compound_collaboration,Multi,6
00170,direct_command,Single,6
00170,explicit_collaboration,Multi,4
00171,attribute_reasoning,Single,6
00171,implicit_collaboration,Multi,6
00172,tool_use,Single,6
00172,compound_collaboration,Multi,6
00173,compound_reasoning,Single,6
00173,explicit_collaboration,Multi,4
00174,direct_command,Single,6
00174,implicit_collaboration,Multi,6
00175,attribute_reasoning,Single,6
00175,compound_collaboration,Multi,6
00176,tool_use,Single,4
00176,explicit_collaboration,Multi,4
00177,compound_reasoning,Single,4
00177,implicit_collaboration,Multi,6
00178,direct_command,Single,6
00178,compound_collaboration,Multi,6
00179,attribute_reasoning,Single,6
00179,explicit_collaboration,Multi,4
00180,tool_use,Single,6
00180,implicit_collaboration,Multi,6
00181,compound_reasoning,Single,6
00181,compound_collaboration,Multi,6
00182,direct_command,Single,6
00182,explicit_collaboration,Multi,4
00183,attribute_reasoning,Single,6
00183,implicit_collaboration,Multi,6
00184,tool_use,Single,6
00184,compound_collaboration,Multi,6
00185,compound_reasoning,Single,6
00185,implicit_collaboration,Multi,6
00186,direct_command,Single,6
00186,explicit_collaboration,Multi,4
00187,attribute_reasoning,Single,6
00187,implicit_collaboration,Multi,6
00188,tool_use,Single,4
00188,compound_collaboration,Multi,6
00189,compound_reasoning,Single,6
00189,explicit_collaboration,Multi,4
00190,direct_command,Single,6
00190,implicit_collaboration,Multi,6
00191,attribute_reasoning,Single,6
00191,compound_collaboration,Multi,6
00192,tool_use,Single,6
00192,explicit_collaboration,Multi,4
00193,compound_reasoning,Single,6
00193,implicit_collaboration,Multi,6
00194,direct_command,Single,6
00194,compound_collaboration,Multi,6
00195,attribute_reasoning,Single,6
00195,explicit_collaboration,Multi,4
00196,tool_use,Single,6
00196,implicit_collaboration,Multi,6
00197,compound_reasoning,Single,6
00197,compound_collaboration,Multi,6
00198,direct_command,Single,6
00198,explicit_collaboration,Multi,4
00199,attribute_reasoning,Single,6
00199,implicit_collaboration,Multi,6
00200,tool_use,Single,6
00200,compound_collaboration,Multi,6
00201,compound_reasoning,Single,6
00201,explicit_collaboration,Multi,4
00202,direct_command,Single,6
00202,implicit_collaboration,Multi,6
00203,attribute_reasoning,Single,6
00203,compound_collaboration,Multi,6
00204,tool_use,Single,6
00204,explicit_collaboration,Multi,4
00205,compound_reasoning,Single,6
00205,implicit_collaboration,Multi,6
00206,direct_command,Single,6
00206,compound_collaboration,Multi,6
00207,attribute_reasoning,Single,6
00207,explicit_collaboration,Multi,4
00208,tool_use,Single,6
00208,implicit_collaboration,Multi,6
00209,compound_reasoning,Single,6
00209,compound_collaboration,Multi,6
00210,direct_command,Single,6
00210,explicit_collaboration,Multi,4
00211,attribute_reasoning,Single,4
00211,implicit_collaboration,Multi,6
00212,tool_use,Single,4
00212,compound_collaboration,Multi,6
00213,compound_reasoning,Single,4
00213,explicit_collaboration,Multi,4
00214,direct_command,Single,6
00214,implicit_collaboration,Multi,6
00215,attribute_reasoning,Single,4
00215,compound_collaboration,Multi,6
00216,tool_use,Single,6
00216,explicit_collaboration,Multi,4
00217,compound_reasoning,Single,4
00217,implicit_collaboration,Multi,6
00218,direct_command,Single,6
00218,compound_collaboration,Multi,6
00219,attribute_reasoning,Single,6
00219,explicit_collaboration,Multi,4
00220,tool_use,Single,6
00220,implicit_collaboration,Multi,6
00221,compound_reasoning,Single,6
00221,compound_collaboration,Multi,6
00222,direct_command,Single,6
00222,explicit_collaboration,Multi,4
00223,attribute_reasoning,Single,6
00223,implicit_collaboration,Multi,6
00224,tool_use,Single,6
00224,compound_collaboration,Multi,6
00225,compound_reasoning,Single,6
00225,implicit_collaboration,Multi,6
00226,direct_command,Single,6
00226,explicit_collaboration,Multi,4
00227,attribute_reasoning,Single,6
00227,explicit_collaboration,Multi,4
00228,tool_use,Single,6
00228,implicit_collaboration,Multi,6
00229,compound_reasoning,Single,6
00229,compound_collaboration,Multi,6
00230,direct_command,Single,6
00230,explicit_collaboration,Multi,4
00231,attribute_reasoning,Single,6
00231,implicit_collaboration,Multi,6
00232,direct_command,Single,6
00232,compound_collaboration,Multi,6
00233,attribute_reasoning,Single,6
00233,explicit_collaboration,Multi,4
00234,tool_use,Single,6
00234,implicit_collaboration,Multi,6
00235,compound_reasoning,Single,6
00235,compound_collaboration,Multi,6
00236,direct_command,Single,6
00236,explicit_collaboration,Multi,4
00237,attribute_reasoning,Single,6
00237,implicit_collaboration,Multi,6
00238,compound_reasoning,Single,6
00238,compound_collaboration,Multi,6
00239,direct_command,Single,6
00239,explicit_collaboration,Multi,4
00240,attribute_reasoning,Single,6
00240,implicit_collaboration,Multi,6
00241,tool_use,Single,6
00241,compound_collaboration,Multi,6
00242,compound_reasoning,Single,6
00242,explicit_collaboration,Multi,4
00243,direct_command,Single,6
00243,implicit_collaboration,Multi,6
00244,attribute_reasoning,Single,6
00244,compound_collaboration,Multi,6
00245,tool_use,Single,6
00245,explicit_collaboration,Multi,6
00246,compound_reasoning,Single,6
00246,implicit_collaboration,Multi,6
00247,direct_command,Single,6
00247,compound_collaboration,Multi,6
00248,attribute_reasoning,Single,6
00248,explicit_collaboration,Multi,4
00249,tool_use,Single,4
00249,implicit_collaboration,Multi,6
00250,compound_reasoning,Single,4
00250,compound_collaboration,Multi,6
00251,direct_command,Single,6
00251,explicit_collaboration,Multi,4
00252,attribute_reasoning,Single,6
00252,implicit_collaboration,Multi,6
00253,tool_use,Single,6
00253,compound_collaboration,Multi,6
00254,compound_reasoning,Single,4
00254,explicit_collaboration,Multi,4
00255,direct_command,Single,6
00255,implicit_collaboration,Multi,6
00256,attribute_reasoning,Single,6
00256,compound_collaboration,Multi,6
00257,tool_use,Single,6
00257,explicit_collaboration,Multi,4
00258,compound_reasoning,Single,6
00258,implicit_collaboration,Multi,6
00259,direct_command,Single,6
00259,compound_collaboration,Multi,6
00260,attribute_reasoning,Single,6
00260,explicit_collaboration,Multi,4
00261,compound_reasoning,Single,4
00261,implicit_collaboration,Multi,6
00262,direct_command,Single,6
00262,compound_collaboration,Multi,6
00263,attribute_reasoning,Single,6
00263,explicit_collaboration,Multi,6
00264,tool_use,Single,6
00264,implicit_collaboration,Multi,6
00265,compound_reasoning,Single,4
00265,compound_collaboration,Multi,6
00266,direct_command,Single,6
00266,explicit_collaboration,Multi,4
00267,attribute_reasoning,Single,6
00267,implicit_collaboration,Multi,6
00268,tool_use,Single,6
00268,compound_collaboration,Multi,6
00269,compound_reasoning,Single,6
00269,explicit_collaboration,Multi,4
00270,direct_command,Single,6
00270,implicit_collaboration,Multi,6
00271,attribute_reasoning,Single,6
00271,explicit_collaboration,Multi,4
00272,tool_use,Single,6
00272,implicit_collaboration,Multi,6
00273,compound_reasoning,Single,6
00273,explicit_collaboration,Multi,4
00274,direct_command,Single,6
00274,implicit_collaboration,Multi,6
00275,attribute_reasoning,Single,6
00275,compound_collaboration,Multi,6
00276,tool_use,Single,6
00276,explicit_collaboration,Multi,4
00277,compound_reasoning,Single,6
00277,implicit_collaboration,Multi,6
00278,direct_command,Single,6
00278,explicit_collaboration,Multi,4
00279,attribute_reasoning,Single,6
00279,implicit_collaboration,Multi,6
00280,tool_use,Single,6
00280,explicit_collaboration,Multi,4
00281,compound_reasoning,Single,6
00281,implicit_collaboration,Multi,6
00282,direct_command,Single,6
00282,explicit_collaboration,Multi,4
00283,attribute_reasoning,Single,6
00283,implicit_collaboration,Multi,6
00284,compound_reasoning,Single,6
00284,compound_collaboration,Multi,6
00285,direct_command,Single,6
00285,explicit_collaboration,Multi,4
00286,attribute_reasoning,Single,6
00286,implicit_collaboration,Multi,6
00287,tool_use,Single,6
00287,explicit_collaboration,Multi,6
00288,compound_reasoning,Single,6
00288,implicit_collaboration,Multi,6
00289,direct_command,Single,6
00289,compound_collaboration,Multi,6
00290,attribute_reasoning,Single,6
00290,explicit_collaboration,Multi,4
00291,tool_use,Single,4
00291,implicit_collaboration,Multi,6
00292,compound_reasoning,Single,4
00292,explicit_collaboration,Multi,4
00293,direct_command,Single,6
00293,implicit_collaboration,Multi,6
00294,attribute_reasoning,Single,6
00294,compound_collaboration,Multi,6
00295,tool_use,Single,6
00295,compound_collaboration,Multi,6
00296,compound_reasoning,Single,6
00296,explicit_collaboration,Multi,4
00297,direct_command,Single,6
00297,explicit_collaboration,Multi,4
00298,attribute_reasoning,Single,6
00298,implicit_collaboration,Multi,6
00299,direct_command,Single,6
00299,compound_collaboration,Multi,6
00300,tool_use,Single,6
00300,implicit_collaboration,Multi,6
00301,compound_reasoning,Single,6
00301,compound_collaboration,Multi,6
00302,direct_command,Single,6
00302,explicit_collaboration,Multi,4
00303,attribute_reasoning,Single,6
00303,implicit_collaboration,Multi,6
00304,tool_use,Single,6
00304,compound_collaboration,Multi,6
00305,compound_reasoning,Single,6
00305,explicit_collaboration,Multi,4
00306,direct_command,Single,6
00306,implicit_collaboration,Multi,6
00307,attribute_reasoning,Single,6
00307,compound_collaboration,Multi,6
00308,tool_use,Single,6
00308,explicit_collaboration,Multi,4
00309,direct_command,Single,6
00309,implicit_collaboration,Multi,6
00310,attribute_reasoning,Single,6
00310,compound_collaboration,Multi,6
00311,tool_use,Single,6
00311,explicit_collaboration,Multi,4
00312,compound_reasoning,Single,6
00312,implicit_collaboration,Multi,6
00313,direct_command,Single,6
00313,compound_collaboration,Multi,6
00314,attribute_reasoning,Single,6
00314,explicit_collaboration,Multi,4
00315,tool_use,Single,6
00315,implicit_collaboration,Multi,6
00316,compound_reasoning,Single,6
00316,compound_collaboration,Multi,6
00317,direct_command,Single,6
00317,explicit_collaboration,Multi,4
00318,attribute_reasoning,Single,6
00318,implicit_collaboration,Multi,6
00319,tool_use,Single,6
00319,compound_collaboration,Multi,6
00320,compound_reasoning,Single,6
00320,explicit_collaboration,Multi,4
00321,direct_command,Single,6
00321,implicit_collaboration,Multi,6
00322,attribute_reasoning,Single,6
00322,explicit_collaboration,Multi,4
00323,tool_use,Single,4
00323,implicit_collaboration,Multi,6
00324,compound_reasoning,Single,6
00324,compound_collaboration,Multi,6
00325,direct_command,Single,6
00325,explicit_collaboration,Multi,6
00326,attribute_reasoning,Single,6
00326,implicit_collaboration,Multi,6
00327,tool_use,Single,6
00327,compound_collaboration,Multi,6
00328,compound_reasoning,Single,6
00328,implicit_collaboration,Multi,6
00329,direct_command,Single,6
00329,compound_collaboration,Multi,6
00330,attribute_reasoning,Single,4
00330,explicit_collaboration,Multi,4
00331,tool_use,Single,6
00331,explicit_collaboration,Multi,4
00332,compound_reasoning,Single,6
00332,implicit_collaboration,Multi,6
00333,direct_command,Single,6
00333,explicit_collaboration,Multi,4
00334,attribute_reasoning,Single,6
00334,implicit_collaboration,Multi,6
00335,tool_use,Single,6
00335,compound_collaboration,Multi,6
00336,direct_command,Single,6
00336,explicit_collaboration,Multi,4
00337,attribute_reasoning,Single,6
00337,implicit_collaboration,Multi,6
00338,tool_use,Single,6
00338,compound_collaboration,Multi,6
00339,compound_reasoning,Single,6
00339,explicit_collaboration,Multi,4
00340,direct_command,Single,6
00340,implicit_collaboration,Multi,6
00341,attribute_reasoning,Single,4
00341,compound_collaboration,Multi,6
00342,tool_use,Single,4
00342,implicit_collaboration,Multi,6
00343,compound_reasoning,Single,4
00343,compound_collaboration,Multi,6
00344,direct_command,Single,6
00344,explicit_collaboration,Multi,4
00345,attribute_reasoning,Single,6
00345,explicit_collaboration,Multi,4
00346,tool_use,Single,6
00346,implicit_collaboration,Multi,6
00347,compound_reasoning,Single,6
00347,compound_collaboration,Multi,6
00348,direct_command,Single,6
00348,explicit_collaboration,Multi,4
00349,attribute_reasoning,Single,6
00349,implicit_collaboration,Multi,6
00350,tool_use,Single,6
00350,compound_collaboration,Multi,6
00351,compound_reasoning,Single,4
00351,explicit_collaboration,Multi,4
00352,direct_command,Single,6
00352,implicit_collaboration,Multi,6
00353,attribute_reasoning,Single,6
00353,explicit_collaboration,Multi,4
00354,tool_use,Single,6
00354,implicit_collaboration,Multi,6
00355,compound_reasoning,Single,6
00355,compound_collaboration,Multi,6
00356,direct_command,Single,6
00356,explicit_collaboration,Multi,4
00357,attribute_reasoning,Single,6
00357,implicit_collaboration,Multi,6
00358,compound_reasoning,Single,6
00358,compound_collaboration,Multi,6
00359,direct_command,Single,6
00359,explicit_collaboration,Multi,4
00360,attribute_reasoning,Single,6
00360,implicit_collaboration,Multi,6
00361,tool_use,Single,6
00361,compound_collaboration,Multi,6
00362,compound_reasoning,Single,6
00362,explicit_collaboration,Multi,4
00363,direct_command,Single,6
00363,implicit_collaboration,Multi,6
00364,attribute_reasoning,Single,6
00364,compound_collaboration,Multi,6
00365,tool_use,Single,6
00365,explicit_collaboration,Multi,4
00366,compound_reasoning,Single,6
00366,implicit_collaboration,Multi,6
00367,direct_command,Single,6
00367,compound_collaboration,Multi,6
00368,attribute_reasoning,Single,6
00368,explicit_collaboration,Multi,4
00369,compound_reasoning,Single,6
00369,implicit_collaboration,Multi,6
00370,direct_command,Single,6
00370,compound_collaboration,Multi,6
00371,attribute_reasoning,Single,6
00371,explicit_collaboration,Multi,4
00372,tool_use,Single,6
00372,implicit_collaboration,Multi,6
00373,direct_command,Single,6
00373,compound_collaboration,Multi,6
00374,attribute_reasoning,Single,6
00374,explicit_collaboration,Multi,4
00375,tool_use,Single,6
00375,implicit_collaboration,Multi,6
00376,compound_reasoning,Single,6
00376,compound_collaboration,Multi,6
00377,direct_command,Single,6
00377,explicit_collaboration,Multi,4
00378,attribute_reasoning,Single,6
00378,implicit_collaboration,Multi,6
00379,tool_use,Single,6
00379,compound_collaboration,Multi,6
00380,compound_reasoning,Single,6
00380,explicit_collaboration,Multi,4
00381,direct_command,Single,6
00381,implicit_collaboration,Multi,6
00382,attribute_reasoning,Single,6
00382,compound_collaboration,Multi,6
00383,tool_use,Single,6
00383,explicit_collaboration,Multi,4
00384,compound_reasoning,Single,6
00384,implicit_collaboration,Multi,6
00385,direct_command,Single,6
00385,compound_collaboration,Multi,6
00386,attribute_reasoning,Single,6
00386,explicit_collaboration,Multi,6
00387,compound_reasoning,Single,6
00387,implicit_collaboration,Multi,6
00388,direct_command,Single,6
00388,compound_collaboration,Multi,6
00389,attribute_reasoning,Single,6
00389,explicit_collaboration,Multi,4
00390,tool_use,Single,6
00390,implicit_collaboration,Multi,6
00391,direct_command,Single,6
00391,compound_collaboration,Multi,6
00392,attribute_reasoning,Single,6
00392,explicit_collaboration,Multi,4
00393,tool_use,Single,6
00393,implicit_collaboration,Multi,6
00394,compound_reasoning,Single,6
00394,compound_collaboration,Multi,6
00395,attribute_reasoning,Single,6
00395,explicit_collaboration,Multi,4
00396,tool_use,Single,6
00396,implicit_collaboration,Multi,6
00397,compound_reasoning,Single,6
00397,compound_collaboration,Multi,6
00398,attribute_reasoning,Single,6
00398,explicit_collaboration,Multi,4
00399,tool_use,Single,6
00399,implicit_collaboration,Multi,6
00400,compound_reasoning,Single,6
00400,compound_collaboration,Multi,6
00401,direct_command,Single,6
00401,explicit_collaboration,Multi,4
00402,attribute_reasoning,Single,6
00402,implicit_collaboration,Multi,6
00403,tool_use,Single,6
00403,compound_collaboration,Multi,6
00404,compound_reasoning,Single,4
00404,explicit_collaboration,Multi,4
00405,direct_command,Single,6
00405,implicit_collaboration,Multi,6
00406,attribute_reasoning,Single,4
00406,compound_collaboration,Multi,6
00407,tool_use,Single,6
00407,explicit_collaboration,Multi,4
00408,compound_reasoning,Single,6
00408,implicit_collaboration,Multi,6
00409,direct_command,Single,6
00409,compound_collaboration,Multi,6
00410,attribute_reasoning,Single,6
00410,explicit_collaboration,Multi,4
00411,tool_use,Single,6
00411,implicit_collaboration,Multi,6
00412,compound_reasoning,Single,4
00412,compound_collaboration,Multi,6
00413,direct_command,Single,6
00413,explicit_collaboration,Multi,4
00414,attribute_reasoning,Single,6
00414,implicit_collaboration,Multi,6
00415,tool_use,Single,6
00415,compound_collaboration,Multi,6
00416,compound_reasoning,Single,4
00416,explicit_collaboration,Multi,4
00417,direct_command,Single,6
00417,implicit_collaboration,Multi,6
00418,attribute_reasoning,Single,6
00418,explicit_collaboration,Multi,4
00419,tool_use,Single,6
00419,implicit_collaboration,Multi,6
00420,compound_reasoning,Single,6
00420,compound_collaboration,Multi,6
00421,direct_command,Single,6
00421,explicit_collaboration,Multi,4
00422,attribute_reasoning,Single,6
00422,implicit_collaboration,Multi,6
00423,tool_use,Single,6
00423,compound_collaboration,Multi,6
00424,compound_reasoning,Single,4
00424,explicit_collaboration,Multi,4
00425,direct_command,Single,6
00425,implicit_collaboration,Multi,6
00426,attribute_reasoning,Single,6
00426,compound_collaboration,Multi,6
00427,tool_use,Single,6
00427,explicit_collaboration,Multi,4
00428,compound_reasoning,Single,6
00428,implicit_collaboration,Multi,6
00429,direct_command,Single,6
00429,explicit_collaboration,Multi,4
00430,attribute_reasoning,Single,6
00430,implicit_collaboration,Multi,6
00431,tool_use,Single,6
00431,compound_collaboration,Multi,6
00432,direct_command,Single,6
00432,explicit_collaboration,Multi,4
00433,attribute_reasoning,Single,6
00433,implicit_collaboration,Multi,6
00434,tool_use,Single,6
00434,explicit_collaboration,Multi,4
00435,compound_reasoning,Single,6
00435,implicit_collaboration,Multi,6
00436,direct_command,Single,6
00436,compound_collaboration,Multi,6
00437,attribute_reasoning,Single,6
00437,explicit_collaboration,Multi,4
00438,tool_use,Single,6
00438,implicit_collaboration,Multi,6
00439,compound_reasoning,Single,6
00439,compound_collaboration,Multi,6
00440,direct_command,Single,6
00440,implicit_collaboration,Multi,6
00441,attribute_reasoning,Single,6
00441,compound_collaboration,Multi,6
00442,tool_use,Single,6
00442,explicit_collaboration,Multi,4
00443,compound_reasoning,Single,6
00443,implicit_collaboration,Multi,6
00444,direct_command,Single,6
00444,compound_collaboration,Multi,6
00445,attribute_reasoning,Single,6
00445,explicit_collaboration,Multi,4
00446,compound_reasoning,Single,4
00446,implicit_collaboration,Multi,6
00447,direct_command,Single,6
00447,compound_collaboration,Multi,6
00448,attribute_reasoning,Single,6
00448,explicit_collaboration,Multi,4
00449,tool_use,Single,6
00449,implicit_collaboration,Multi,6
00450,compound_reasoning,Single,6
00450,explicit_collaboration,Multi,4
00451,direct_command,Single,6
00451,implicit_collaboration,Multi,6
00452,attribute_reasoning,Single,6
00452,compound_collaboration,Multi,6
00453,tool_use,Single,6
00453,explicit_collaboration,Multi,4
00454,compound_reasoning,Single,6
00454,implicit_collaboration,Multi,6
00455,direct_command,Single,6
00455,compound_collaboration,Multi,6
00456,attribute_reasoning,Single,6
00456,explicit_collaboration,Multi,4
00457,tool_use,Single,4
00457,implicit_collaboration,Multi,6
00458,compound_reasoning,Single,4
00458,compound_collaboration,Multi,6
00459,direct_command,Single,6
00459,explicit_collaboration,Multi,4
00460,attribute_reasoning,Single,6
00460,implicit_collaboration,Multi,6
00461,tool_use,Single,6
00461,compound_collaboration,Multi,6
00462,compound_reasoning,Single,6
00462,explicit_collaboration,Multi,4
00463,direct_command,Single,6
00463,implicit_collaboration,Multi,6
00464,attribute_reasoning,Single,6
00464,compound_collaboration,Multi,6
00465,compound_reasoning,Single,4
00465,explicit_collaboration,Multi,4
00466,tool_use,Single,4
00466,implicit_collaboration,Multi,6
00467,direct_command,Single,6
00467,compound_collaboration,Multi,6
00468,attribute_reasoning,Single,6
00468,explicit_collaboration,Multi,4
00469,tool_use,Single,6
00469,implicit_collaboration,Multi,6
00470,compound_reasoning,Single,4
00470,compound_collaboration,Multi,6
00471,direct_command,Single,6
00471,explicit_collaboration,Multi,6
00472,attribute_reasoning,Single,6
00472,implicit_collaboration,Multi,6
00473,compound_reasoning,Single,6
00473,compound_collaboration,Multi,6
00474,direct_command,Single,6
00474,implicit_collaboration,Multi,6
00475,attribute_reasoning,Single,6
00475,compound_collaboration,Multi,6
00476,tool_use,Single,4
00476,explicit_collaboration,Multi,4
00477,compound_reasoning,Single,6
00477,implicit_collaboration,Multi,6
00478,attribute_reasoning,Single,6
00478,explicit_collaboration,Multi,4
00479,tool_use,Single,6
00479,implicit_collaboration,Multi,6
00480,compound_reasoning,Single,6
00480,compound_collaboration,Multi,6
00481,direct_command,Single,6
00481,explicit_collaboration,Multi,4
00482,attribute_reasoning,Single,6
00482,implicit_collaboration,Multi,6
00483,tool_use,Single,6
00483,compound_collaboration,Multi,6
00484,compound_reasoning,Single,4
00484,explicit_collaboration,Multi,4
00485,direct_command,Single,6
00485,implicit_collaboration,Multi,6
00486,attribute_reasoning,Single,6
00486,compound_collaboration,Multi,6
00487,tool_use,Single,6
00487,explicit_collaboration,Multi,4
00488,direct_command,Single,6
00488,implicit_collaboration,Multi,6
00489,attribute_reasoning,Single,6
00489,compound_collaboration,Multi,6
00490,compound_reasoning,Single,6
00490,explicit_collaboration,Multi,4
00491,direct_command,Single,6
00491,implicit_collaboration,Multi,6
00492,attribute_reasoning,Single,6
00492,compound_collaboration,Multi,6
00493,tool_use,Single,6
00493,explicit_collaboration,Multi,4
00494,compound_reasoning,Single,4
00494,implicit_collaboration,Multi,6
00495,direct_command,Single,6
00495,compound_collaboration,Multi,6
00496,attribute_reasoning,Single,6
00496,explicit_collaboration,Multi,4
00497,tool_use,Single,6
00497,implicit_collaboration,Multi,6
00498,compound_reasoning,Single,6
00498,compound_collaboration,Multi,6
00499,direct_command,Single,6
00499,explicit_collaboration,Multi,4
00500,attribute_reasoning,Single,4
00500,implicit_collaboration,Multi,6
00501,tool_use,Single,6
00501,compound_collaboration,Multi,6
00502,compound_reasoning,Single,6
00502,explicit_collaboration,Multi,4
00503,direct_command,Single,6
00503,implicit_collaboration,Multi,6
00504,attribute_reasoning,Single,6
00504,compound_collaboration,Multi,6
00505,tool_use,Single,6
00505,explicit_collaboration,Multi,4
00506,compound_reasoning,Single,4
00506,implicit_collaboration,Multi,6
00507,direct_command,Single,6
00507,compound_collaboration,Multi,6
00508,attribute_reasoning,Single,6
00508,explicit_collaboration,Multi,4
00509,tool_use,Single,4
00509,implicit_collaboration,Multi,6
00510,compound_reasoning,Single,6
00510,compound_collaboration,Multi,6
00511,direct_command,Single,6
00511,implicit_collaboration,Multi,6
00512,attribute_reasoning,Single,6
00512,compound_collaboration,Multi,6
00513,tool_use,Single,6
00513,explicit_collaboration,Multi,4
00514,direct_command,Single,6
00514,implicit_collaboration,Multi,6
00515,attribute_reasoning,Single,6
00515,compound_collaboration,Multi,6
00516,tool_use,Single,6
00516,explicit_collaboration,Multi,4
00517,direct_command,Single,6
00517,implicit_collaboration,Multi,6
00518,attribute_reasoning,Single,6
00518,compound_collaboration,Multi,6
00519,tool_use,Single,6
00519,explicit_collaboration,Multi,4
00520,compound_reasoning,Single,6
00520,implicit_collaboration,Multi,6
00521,direct_command,Single,6
00521,compound_collaboration,Multi,6
00522,attribute_reasoning,Single,6
00522,explicit_collaboration,Multi,4
00523,tool_use,Single,6
00523,implicit_collaboration,Multi,6
00524,compound_reasoning,Single,6
00524,compound_collaboration,Multi,6
00525,direct_command,Single,6
00525,explicit_collaboration,Multi,4
00526,attribute_reasoning,Single,6
00526,implicit_collaboration,Multi,6
00527,tool_use,Single,6
00527,compound_collaboration,Multi,6
00528,compound_reasoning,Single,4
00528,explicit_collaboration,Multi,6
00529,direct_command,Single,6
00529,implicit_collaboration,Multi,6
00530,attribute_reasoning,Single,6
00530,compound_collaboration,Multi,6
00531,tool_use,Single,6
00531,explicit_collaboration,Multi,4
00532,compound_reasoning,Single,4
00532,implicit_collaboration,Multi,6
00533,direct_command,Single,6
00533,compound_collaboration,Multi,6
00534,attribute_reasoning,Single,6
00534,explicit_collaboration,Multi,4
00535,tool_use,Single,6
00535,implicit_collaboration,Multi,6
00536,compound_reasoning,Single,4
00536,compound_collaboration,Multi,6
00537,direct_command,Single,6
00537,explicit_collaboration,Multi,4
00538,tool_use,Single,6
00538,implicit_collaboration,Multi,6
00539,compound_reasoning,Single,6
00539,explicit_collaboration,Multi,4
00540,direct_command,Single,6
00540,implicit_collaboration,Multi,6
00541,attribute_reasoning,Single,4
00541,compound_collaboration,Multi,6
00542,tool_use,Single,6
00542,explicit_collaboration,Multi,4
00543,compound_reasoning,Single,6
00543,implicit_collaboration,Multi,6
00544,direct_command,Single,6
00544,compound_collaboration,Multi,6
00545,attribute_reasoning,Single,6
00545,explicit_collaboration,Multi,4
00546,direct_command,Single,6
00546,implicit_collaboration,Multi,6
00547,attribute_reasoning,Single,6
00547,compound_collaboration,Multi,6
00548,compound_reasoning,Single,6
00548,explicit_collaboration,Multi,4
00549,direct_command,Single,6
00549,implicit_collaboration,Multi,6
00550,attribute_reasoning,Single,4
00550,compound_collaboration,Multi,6
00551,tool_use,Single,6
00551,explicit_collaboration,Multi,4
00552,compound_reasoning,Single,6
00552,implicit_collaboration,Multi,6
00553,direct_command,Single,6
00553,compound_collaboration,Multi,6
00554,attribute_reasoning,Single,6
00554,explicit_collaboration,Multi,4
00555,compound_reasoning,Single,6
00555,implicit_collaboration,Multi,6
00556,direct_command,Single,6
00556,compound_collaboration,Multi,6
00557,attribute_reasoning,Single,6
00557,explicit_collaboration,Multi,4
00558,tool_use,Single,6
00558,implicit_collaboration,Multi,6
00559,compound_reasoning,Single,4
00559,compound_collaboration,Multi,6
00560,direct_command,Single,4
00560,explicit_collaboration,Multi,4
00561,attribute_reasoning,Single,6
00561,explicit_collaboration,Multi,4
00562,tool_use,Single,4
00562,implicit_collaboration,Multi,6
00563,compound_reasoning,Single,4
00563,compound_collaboration,Multi,6
00564,direct_command,Single,6
00564,explicit_collaboration,Multi,4
00565,attribute_reasoning,Single,4
00565,implicit_collaboration,Multi,6
00566,tool_use,Single,6
00566,compound_collaboration,Multi,6
00567,compound_reasoning,Single,6
00567,explicit_collaboration,Multi,4
00568,direct_command,Single,6
00568,implicit_collaboration,Multi,6
00569,attribute_reasoning,Single,4
00569,compound_collaboration,Multi,6
00570,tool_use,Single,6
00570,implicit_collaboration,Multi,6
00571,compound_reasoning,Single,6
00571,compound_collaboration,Multi,6
00572,direct_command,Single,6
00572,explicit_collaboration,Multi,4
00573,attribute_reasoning,Single,6
00573,compound_collaboration,Multi,6
00574,tool_use,Single,6
00574,explicit_collaboration,Multi,4
00575,compound_reasoning,Single,4
00575,compound_collaboration,Multi,6
00576,direct_command,Single,6
00576,explicit_collaboration,Multi,4
00577,attribute_reasoning,Single,6
00577,compound_collaboration,Multi,6
00578,tool_use,Single,6
00578,explicit_collaboration,Multi,4
00579,compound_reasoning,Single,6
00579,explicit_collaboration,Multi,4
00580,direct_command,Single,6
00580,compound_collaboration,Multi,6
00581,attribute_reasoning,Single,6
00581,explicit_collaboration,Multi,4
00582,tool_use,Single,6
00582,compound_collaboration,Multi,6
00583,direct_command,Single,6
00583,explicit_collaboration,Multi,4
00584,attribute_reasoning,Single,6
00584,compound_collaboration,Multi,6
00585,tool_use,Single,6
00585,compound_collaboration,Multi,6
00586,compound_reasoning,Single,6
00586,compound_collaboration,Multi,6
00587,direct_command,Single,6
00587,compound_collaboration,Multi,6
00588,attribute_reasoning,Single,6
00588,compound_collaboration,Multi,6
00589,tool_use,Single,6
00589,compound_collaboration,Multi,6
00590,compound_reasoning,Single,6
00590,compound_collaboration,Multi,6
00591,direct_command,Single,6
00591,compound_collaboration,Multi,6
00592,attribute_reasoning,Single,6
00592,compound_collaboration,Multi,6
00593,tool_use,Single,6
00593,compound_collaboration,Multi,6
00594,compound_reasoning,Single,6
00594,compound_collaboration,Multi,6
00595,direct_command,Single,6
00595,compound_collaboration,Multi,6
00596,attribute_reasoning,Single,6
00596,compound_collaboration,Multi,6
00597,tool_use,Single,6
00597,compound_collaboration,Multi,6
00598,compound_reasoning,Single,6
00598,compound_collaboration,Multi,6
00599,direct_command,Single,6
00599,compound_collaboration,Multi,6
00600,attribute_reasoning,Single,6
00600,compound_collaboration,Multi,6
00601,tool_use,Single,6
00602,direct_command,Single,6
00603,attribute_reasoning,Single,4
00604,tool_use,Single,6
00605,compound_reasoning,Single,4
00606,direct_command,Single,6
00607,attribute_reasoning,Single,6
00608,tool_use,Single,6
00609,compound_reasoning,Single,6
00610,attribute_reasoning,Single,4
00611,tool_use,Single,6
00612,compound_reasoning,Single,6
00613,direct_command,Single,6
00614,attribute_reasoning,Single,6
00615,tool_use,Single,6
00616,compound_reasoning,Single,6
00617,direct_command,Single,4
00618,attribute_reasoning,Single,6
00619,tool_use,Single,6
00620,direct_command,Single,6
00621,attribute_reasoning,Single,6
00622,tool_use,Single,4
00623,compound_reasoning,Single,4
00624,direct_command,Single,6
00625,attribute_reasoning,Single,6
00626,tool_use,Single,6
00627,compound_reasoning,Single,6
00628,direct_command,Single,4
00629,attribute_reasoning,Single,6
00630,tool_use,Single,6
00631,compound_reasoning,Single,6
00632,direct_command,Single,6
00633,attribute_reasoning,Single,6
00634,tool_use,Single,6
00635,compound_reasoning,Single,6
00636,direct_command,Single,6
00637,attribute_reasoning,Single,6
00638,direct_command,Single,6
00639,attribute_reasoning,Single,6
00640,tool_use,Single,6
00641,compound_reasoning,Single,6
00642,attribute_reasoning,Single,6
00643,compound_reasoning,Single,6
00644,direct_command,Single,6
00645,attribute_reasoning,Single,6
00646,tool_use,Single,6
00647,compound_reasoning,Single,4
00648,direct_command,Single,6
00649,attribute_reasoning,Single,6
00650,tool_use,Single,6
00651,compound_reasoning,Single,4
00652,direct_command,Single,6
00653,attribute_reasoning,Single,6
00654,tool_use,Single,6
00655,compound_reasoning,Single,4
00656,direct_command,Single,6
00657,attribute_reasoning,Single,6
00658,tool_use,Single,6
00659,direct_command,Single,6
00660,attribute_reasoning,Single,6
00661,tool_use,Single,6
00662,compound_reasoning,Single,4
00663,direct_command,Single,6
00664,attribute_reasoning,Single,6
00665,tool_use,Single,6
00666,compound_reasoning,Single,6
00667,direct_command,Single,6
00668,attribute_reasoning,Single,6
00669,compound_reasoning,Single,6
00670,direct_command,Single,4
00671,attribute_reasoning,Single,4
00672,tool_use,Single,6
00673,compound_reasoning,Single,6
00674,direct_command,Single,6
00675,attribute_reasoning,Single,6
00676,tool_use,Single,6
00677,compound_reasoning,Single,6
00678,direct_command,Single,6
00679,attribute_reasoning,Single,4
00680,tool_use,Single,6
00681,compound_reasoning,Single,6
00682,direct_command,Single,6
00683,attribute_reasoning,Single,6
00684,tool_use,Single,6
00685,compound_reasoning,Single,4
00686,direct_command,Single,6
00687,attribute_reasoning,Single,6
00688,tool_use,Single,6
00689,compound_reasoning,Single,6
00690,direct_command,Single,6
00691,attribute_reasoning,Single,6
00692,direct_command,Single,6
00693,attribute_reasoning,Single,6
00694,tool_use,Single,6
00695,compound_reasoning,Single,4
00696,direct_command,Single,4
00697,attribute_reasoning,Single,4
00698,tool_use,Single,6
00699,compound_reasoning,Single,6
00700,direct_command,Single,6
00701,attribute_reasoning,Single,6
00702,tool_use,Single,6
00703,compound_reasoning,Single,6
00704,direct_command,Single,6
00705,attribute_reasoning,Single,6
00706,tool_use,Single,6
00707,compound_reasoning,Single,6
00708,direct_command,Single,6
00709,attribute_reasoning,Single,6
00710,tool_use,Single,6
00711,compound_reasoning,Single,6
00712,attribute_reasoning,Single,6
00713,tool_use,Single,6
00714,compound_reasoning,Single,4
00715,direct_command,Single,6
00716,attribute_reasoning,Single,6
00717,tool_use,Single,6
00718,direct_command,Single,6
00719,attribute_reasoning,Single,6
00720,tool_use,Single,4
00721,compound_reasoning,Single,6
00722,direct_command,Single,6
00723,attribute_reasoning,Single,6
00724,tool_use,Single,6
00725,compound_reasoning,Single,4
00726,direct_command,Single,6
00727,attribute_reasoning,Single,6
00728,tool_use,Single,6
00729,compound_reasoning,Single,4
00730,direct_command,Single,6
00731,attribute_reasoning,Single,6
00732,tool_use,Single,6
00733,compound_reasoning,Single,4
00734,direct_command,Single,6
00735,attribute_reasoning,Single,6
00736,tool_use,Single,4
00737,compound_reasoning,Single,4
00738,direct_command,Single,6
00739,attribute_reasoning,Single,6
00740,tool_use,Single,6
00741,compound_reasoning,Single,4
00742,tool_use,Single,6
00743,compound_reasoning,Single,4
00744,direct_command,Single,6
00745,attribute_reasoning,Single,6
00746,tool_use,Single,6
00747,compound_reasoning,Single,6
00748,direct_command,Single,6
00749,attribute_reasoning,Single,6
00750,tool_use,Single,6
00751,compound_reasoning,Single,6
00752,direct_command,Single,6
00753,attribute_reasoning,Single,6
00754,tool_use,Single,6
00755,compound_reasoning,Single,6
00756,direct_command,Single,6
00757,attribute_reasoning,Single,6
00758,compound_reasoning,Single,4
00759,direct_command,Single,6
00760,tool_use,Single,4
00761,compound_reasoning,Single,6
00762,direct_command,Single,6
00763,direct_command,Single,6
00764,tool_use,Single,6
00765,compound_reasoning,Single,6
00766,direct_command,Single,6
00767,compound_reasoning,Single,6
00768,direct_command,Single,6
00769,compound_reasoning,Single,4
00770,direct_command,Single,6
00771,tool_use,Single,6
00772,compound_reasoning,Single,6
00773,tool_use,Single,4
00774,tool_use,Single,6
00775,compound_reasoning,Single,4
00776,tool_use,Single,4
00777,tool_use,Single,6
00778,compound_reasoning,Single,6
00779,tool_use,Single,4
00780,compound_reasoning,Single,4
00781,compound_reasoning,Single,4
00782,compound_reasoning,Single,6
00783,tool_use,Single,6
00784,compound_reasoning,Single,4
00785,tool_use,Single,6
00786,compound_reasoning,Single,6
00787,tool_use,Single,4
00788,compound_reasoning,Single,4
00789,tool_use,Single,6
00790,compound_reasoning,Single,6
00791,tool_use,Single,6
00792,compound_reasoning,Single,6
00793,tool_use,Single,6
00794,compound_reasoning,Single,6
00795,tool_use,Single,6
00796,tool_use,Single,6
00797,tool_use,Single,6
00798,tool_use,Single,6
00799,tool_use,Single,6
00800,tool_use,Single,4
